﻿<?xml version="1.0" encoding="utf-8"?>

<CustomShader version="4">
    <Parameters>
        <Parameter name="windScale" target="windScale" type="float" defaultValue="1" minValue="0" maxValue="1"/>
    </Parameters>
    <LodLevel startDistance="0">
        <CodeInjections>
            <CodeInjection position="MATERIALINFO">
<![CDATA[
uniform float windScale;
]]>
            </CodeInjection>
            <CodeInjection position="POST_GET_WORLD_POSE_VS">
<![CDATA[
float windStrength = cShared0 * windScale;
#if !defined(DEPTH_VIS) // avoid shadow artefacts by not animating in the shadow map
if (windStrength > 0.0001) {
    float3 windDirection = float3(cShared1, 0, cShared2);

    float3 treePos = float3(modelMatrix[0][3] + invViewMatrix[0][3],
                            modelMatrix[1][3] + invViewMatrix[1][3],
                            modelMatrix[2][3] + invViewMatrix[2][3]);
    float3 windSideDirection = cross(float3(0,1,0), windDirection);
    float treeVarSeed = treePos.x + treePos.y + treePos.z;

    float3 trunkMoveDirection = windDirection;
    trunkMoveDirection = normalize(trunkMoveDirection + windSideDirection*sin(0.9 * cTime_s + treeVarSeed + 0.1)*0.3);

    float normalizedTreeY = In.position.y/30;
    float trunkOffsetScale = (1*max(windStrength-0.1,0)/0.9 + sin( 1.5 * cTime_s + treeVarSeed)*0.7*windStrength)*normalizedTreeY*normalizedTreeY;
    float3 trunkOffset = trunkMoveDirection.xyz * trunkOffsetScale;

    worldPosition += trunkOffset;
}
#endif
]]>
            </CodeInjection>
        </CodeInjections>
    </LodLevel>
</CustomShader>
